arxiv_id,title,abstract,published,updated,authors,primary_category,categories,pdf_url,comment,journal_ref,doi,cluster_id
gr-qc/9210004v4,The Spacetime Approach to Quantum Mechanics,"Feynman's sum-over-histories formulation of quantum mechanics is reviewed as an independent statement of quantum theory in spacetime form. It is different from the usual Schrödinger-Heisenberg formulation that utilizes states on spacelike surfaces because it assigns probabilities to different sets of alternatives. Sum-over-histories quantum mechanics can be generalized to deal with spacetime alternatives that are not ""at definite moments of time"". An example in field theory is the set of alternative ranges of values of a field averaged over a spacetime region. An example in particle mechanics is the set of the alternatives defined by whether a particle never crosses a fixed spacetime region or crosses it at least once. The general notion of a set of spacetime alternatives is a partition (coarse-graining) of the histories into an exhaustive set of exclusive classes. With this generalization the sum-over-histories formulation can be said to be in fully spacetime form with dynamics represented by path integrals over spacetime histories and alternatives defined as spacetime partitions of these histories. When restricted to alternatives at definite moments of times this generalization is equivalent to Schrödinger-Heisenberg quantum mechanics. However, the quantum mechanics of more general spacetime alternatives does not have an equivalent Schrödinger-Heisenberg formulation. We suggest that, in the quantum theory of gravity, the general notion of ""observable"" is supplied by diffeomorphism invariant partitions of spacetime metrics and matter field configurations. By generalizing the usual alternatives so as to put quantum theory in fully spacetime form we may be led to a covariant generalized quantum mechanics of spacetime free from the problem of time.",1992-10-07T23:50:56Z,2018-07-20T20:45:55Z,['James B. Hartle'],gr-qc,"['gr-qc', 'hep-th', 'quant-ph']",https://arxiv.org/pdf/gr-qc/9210004v4,"22pages, revtex 4, added figures, publication data corrected",Vistas Astron. 37 (1993) 569,10.1016/0083-6656(93)90097-4,12
gr-qc/9210006v2,The Quantum Mechanics of Closed Systems,"A pedagogical introduction is given to the quantum mechanics of closed systems, most generally the universe as a whole. Quantum mechanics aims at predicting the probabilities of alternative coarse-grained time histories of a closed system. Not every set of alternative coarse-grained histories that can be described may be consistently assigned probabilities because of quantum mechanical interference between individual histories of the set. In the quantum mechanics of closed systems, containing both observer and observed, probabilities are assigned to those sets of alternative histories for which there is negligible interference between individual histories as a consequence of the system's initial condition and dynamics. Such sets of histories are said to decohere. Typical mechanisms of decoherence that are widespread in our universe are illustrated. Copenhagen quantum mechanics is an approximation to the more general quantum framework of closed subsystems. It is appropriate when there is an approximately isolated subsystem that is a participant in a measurement situation in which (among other things) the decoherence of alternative registrations of the apparatus can be idealized as exact. Since the quantum mechanics of closed systems does not posit the existence of the quasiclassical domain of everyday experience, the domain of the approximate aplicability of classical physics must be explained. We describe how a quasiclassical domain described by averages of densities of approximately conserved quantities could be an emergent feature of an initial condition of the universe that implies the approximate classical behavior of spacetime on accessible scales.",1992-10-13T00:53:23Z,2004-08-16T21:31:22Z,['James B. Hartle'],gr-qc,"['gr-qc', 'hep-th', 'quant-ph']",https://arxiv.org/pdf/gr-qc/9210006v2,"11pages, 4 figures, revtex4, added figures","Directions in Relativity, vol 1, ed by B.-L. Hu, M.P. Ryan, and C.V. Vishveshwars, Cambridge University Press, Cambridge (1993)",,-1
gr-qc/9210010v2,Classical Equations for Quantum Systems,"The origin of the phenomenological deterministic laws that approximately govern the quasiclassical domain of familiar experience is considered in the context of the quantum mechanics of closed systems such as the universe as a whole. We investigate the requirements for coarse grainings to yield decoherent sets of histories that are quasiclassical, i.e. such that the individual histories obey, with high probability, effective classical equations of motion interrupted continually by small fluctuations and occasionally by large ones. We discuss these requirements generally but study them specifically for coarse grainings of the type that follows a distinguished subset of a complete set of variables while ignoring the rest. More coarse graining is needed to achieve decoherence than would be suggested by naive arguments based on the uncertainty principle. Even coarser graining is required in the distinguished variables for them to have the necessary inertia to approach classical predictability in the presence of the noise consisting of the fluctuations that typical mechanisms of decoherence produce. We describe the derivation of phenomenological equations of motion explicitly for a particular class of models. Probabilities of the correlations in time that define equations of motion are explicitly considered. Fully non-linear cases are studied. Methods are exhibited for finding the form of the phenomenological equations of motion even when these are only distantly related to those of the fundamental action. The demonstration of the connection between quantum-mechanical causality and causalty in classical phenomenological equations of motion is generalized. The connections among decoherence, noise, dissipation, and the amount of coarse graining necessary to achieve classical predictability are investigated quantitatively.",1992-10-21T01:07:17Z,2014-01-07T22:29:18Z,"['Murray Gell-Mann', 'James B. Hartle']",gr-qc,"['gr-qc', 'hep-th', 'quant-ph']",https://arxiv.org/pdf/gr-qc/9210010v2,"100pages, 1 figure","Phys.Rev.D47:3345-3382,1993",10.1103/PhysRevD.47.3345,12
gr-qc/9301011v3,The Reduction of the State Vector and Limitations on Measurement in the Quantum Mechanics of Closed Systems,"Measurement is a fundamental notion in the usual approximate quantum mechanics of measured subsystems. Probabilities are predicted for the outcomes of measurements. State vectors evolve unitarily in between measurements and by reduction of the state vector at measurements. Probabilities are computed by summing the squares of amplitudes over alternatives which could have been measured but weren't. Measurements are limited by uncertainty principles and by other restrictions arising from the principles of quantum mechanics. This essay examines the extent to which those features of the quantum mechanics of measured subsystems that are explicitly tied to measurement situations are incorporated or modified in the more general quantum mechanics of closed systems in which measurement is not a fundamental notion. There, probabilities are predicted for decohering sets of alternative time histories of the closed system, whether or not they represent a measurement situation. Reduction of the state vector is a necessary part of the description of such histories. Uncertainty principles limit the possible alternatives at one time from which histories may be constructed. Models of measurement situations are exhibited within the quantum mechanics of the closed system containing both measured subsystem and measuring apparatus. Limitations are derived on the existence of records for the outcomes of measurements when the initial density matrix of the closed system is highly impure. (Festschrift for Dieter Brill).",1993-01-13T19:09:48Z,2014-01-12T18:38:37Z,['James B. Hartle'],gr-qc,"['gr-qc', 'hep-th', 'quant-ph']",https://arxiv.org/pdf/gr-qc/9301011v3,"25pages. in Directions in Relativity, vol 2, ed-by B.-L. Hu and T.A. Jacobson, Cambridge University Press, Cambridge (1993)",,,4
hep-th/9406058v1,Maintaining coherence in Quantum Computers,"The effect of the inevitable coupling to external degrees of freedom of a quantum computer are examined. It is found that for quantum calculations (in which the maintenance of coherence over a large number of states is important), not only must the coupling be small but the time taken in the quantum calculation must be less than the thermal time scale, $\hbar/k_B T$. For longer times the condition on the strength of the coupling to the external world becomes much more stringent.",1994-06-09T21:42:00Z,1994-06-09T21:42:00Z,['W. G. Unruh'],hep-th,"['hep-th', 'gr-qc', 'quant-ph']",https://arxiv.org/pdf/hep-th/9406058v1,13 pages,,10.1103/PhysRevA.51.992,-1
hep-ph/9406398v1,The Search for the Decay of Z Boson into Two Gammas as a Test of Bose Statistics,We suggest that Bose statistics for photons can be tested by looking for decays of spin-1 bosons into two photons. The experimental upper limit on the decay $Z \rightarrow γγ$ is used to establish for the first time the quantitative measure of the validity of Bose symmetry for photons.,1994-06-27T03:09:50Z,1994-06-27T03:09:50Z,"['A. Yu. Ignatiev', 'G. C. Joshi', 'M. Matsuda']",hep-ph,"['hep-ph', 'quant-ph']",https://arxiv.org/pdf/hep-ph/9406398v1,"9 pages, in REVTEX, RCHEP-94/17, UM-P-94/63","Mod.Phys.Lett.A11:871-876,1996",10.1142/S0217732396000874,5
cond-mat/9406116v1,Negative Kinetic Energy Between Past and Future State Vectors,"An analysis of errors in measurement yields new insight into classically forbidden quantum processes. In addition to ""physical"" values, a realistic measurement can yield ""unphysical"" values; we show that in {\it sequences} of measurements, the ""unphysical"" values can form a consistent pattern. An experiment to isolate a particle in a classically forbidden region obtains a negative value for its kinetic energy. It is the {\it weak value} of kinetic energy between past and future state vectors.",1994-06-29T10:47:18Z,1994-06-29T10:47:18Z,"['Daniel Rohrlich', 'Yakir Aharonov', 'Sandu Popescu', 'Lev Vaidman']",cond-mat,"['cond-mat', 'quant-ph']",https://arxiv.org/pdf/cond-mat/9406116v1,"Talk presented at the Conference on Fundamental Problems in Quantum Theory, Baltimore, MD, June 1994, 10 pp, plain TeX",,10.1111/j.1749-6632.1995.tb38982.x,3
cond-mat/9407011v1,"Quantum Noise Limits for Nonlinear, Phase-Invariant Amplifiers","Any quantum device that amplifies coherent states of a field while preserving their phase generates noise. A nonlinear, phase-invariant amplifier may generate less noise, over a range of input field strengths, than any linear amplifier with the same amplification. We present explicit examples of such nonlinear amplifiers, and derive lower bounds on the noise generated by a nonlinear, phase-invariant quantum amplifier.",1994-07-03T17:09:38Z,1994-07-03T17:09:38Z,"['Dmitri Kouznetsov', 'Roberto Ortega', 'Daniel Rohrlich']",cond-mat,"['cond-mat', 'quant-ph']",https://arxiv.org/pdf/cond-mat/9407011v1,"RevTeX, 6 pages + 4 figures (included in file; hard copy sent on request)",,10.1103/PhysRevA.52.1665,6
cond-mat/9407022v1,Two-Bit Gates are Universal for Quantum Computation,"A proof is given, which relies on the commutator algebra of the unitary Lie groups, that quantum gates operating on just two bits at a time are sufficient to construct a general quantum circuit. The best previous result had shown the universality of three-bit gates, by analogy to the universality of the Toffoli three-bit gate of classical reversible computing. Two-bit quantum gates may be implemented by magnetic resonance operations applied to a pair of electronic or nuclear spins. A ``gearbox quantum computer'' proposed here, based on the principles of atomic force microscopy, would permit the operation of such two-bit gates in a physical system with very long phase breaking (i.e., quantum phase coherence) times. Simpler versions of the gearbox computer could be used to do experiments on Einstein-Podolsky-Rosen states and related entangled quantum states.",1994-07-05T14:16:15Z,1994-07-05T14:16:15Z,['David P. Divincenzo'],cond-mat,"['cond-mat', 'hep-lat', 'quant-ph']",https://arxiv.org/pdf/cond-mat/9407022v1,"21 pages, REVTeX 3.0, two .ps figures available from author upon request","Phys. Rev. A 51, 1015 (1995)",10.1103/PhysRevA.51.1015,6
quant-ph/9707040v1,W(infty)-Covariance of the Weyl-Wigner-Groenewold-Moyal Quantization,"The differential structure of operator bases used in various forms of the Weyl-Wigner-Groenewold-Moyal (WWGM) quantization is analyzed and a derivative-based approach, alternative to the conventional integral-based one is developed. Thus the fundamental quantum relations follow in a simpler and unified manner. An explicit formula for the ordered products of the Heisenberg-Weyl algebra is obtained. The W(infty) -covariance of the WWGM-quantization in its most general form is established. It is shown that the group action of W(infty) that is realized in the classical phase space induces on bases operators in the corresponding Hilbert space a similarity transformation generated by the corresponding quantum W(infty) which provides a projective representation of the former $W_{\infty}$. Explicit expressions for the algebra generators in the classical phase space and in the Hilbert space are given. It is made manifest that this W(infty)-covariance of the WWGM-quantization is a genuine property of the operator bases.",1994-07-21T12:28:06Z,1994-07-21T12:28:06Z,"['T. Dereli', 'A. Vercin']",quant-ph,['quant-ph'],https://arxiv.org/pdf/quant-ph/9707040v1,"14 pages, Latex file. No figures. To apear in J. Math. Phys",J.Math.Phys. 38 (1997) 5515-5530,10.1063/1.532149,13
gr-qc/9409037v4,Properties of Consistent Histories,"We describe some properties of consistent sets of histories in the Gell-Mann--Hartle formalism, and give an example to illustrate that one cannot recover the standard predictions, retrodictions and inferences of quasiclassical physics using the criterion of consistency alone.",1994-09-17T23:23:58Z,1996-01-30T04:35:41Z,"['Fay Dowker', 'Adrian Kent']",gr-qc,"['gr-qc', 'hep-th', 'quant-ph']",https://arxiv.org/pdf/gr-qc/9409037v4,"8 pages, TeX with Harvmac. Replaced with published version which contains fewer technical details and more discussion of physical implications. Title Corrected",Phys.Rev.Lett. 75 (1995) 3038-3041,10.1103/PhysRevLett.75.3038,12
cond-mat/9409111v1,Results on two-bit gate design for quantum computers,"We present numerical results which show how two-bit logic gates can be used in the design of a quantum computer. We show that the Toffoli gate, which is a universal gate for all classical reversible computation, can be implemented using a particular sequence of exactly five two-bit gates. An arbitrary three-bit unitary gate, which can be used to build up any arbitrary quantum computation, can be implemented exactly with six two-bit gates. The ease of implementation of any particular quantum operation is dependent upon a very non-classical feature of the operation, its exact quantum phase factor.",1994-09-26T18:39:19Z,1994-09-26T18:39:19Z,"['David P. DiVincenzo', 'John Smolin']",cond-mat,"['cond-mat', 'hep-lat', 'hep-th', 'quant-ph']",https://arxiv.org/pdf/cond-mat/9409111v1,"plain LaTeX with two ps figures. Submitted to: Proceedings of the Workshop on Physics and Computation, PhysComp '94 (Los Alamitos: IEEE Comp. Soc. Press, 1994)",,,6
gr-qc/9411004v4,Probabilities Don't Matter,"It is suggested that probabilities need not apply at all to matter in the physical world, which may be entirely described by the amplitudes given by the quantum mechanical state. Instead, probabilities may apply only to conscious perceptions in the mental world. Such perceptions may not form unique sequences that one could call individual minds.",1994-11-01T23:41:22Z,1994-11-26T07:42:18Z,['Don N. Page'],gr-qc,"['gr-qc', 'hep-th', 'quant-ph']",https://arxiv.org/pdf/gr-qc/9411004v4,"22 pages, LaTeX, references added and other minor changes",,,1
hep-ph/9411270v1,Past-Future Interference in $Φ$-Decays into Entangled Kaon Pairs,"Quantum interference effects between past and future events (neutral kaon transitions, including CP violating decays) are discussed for entangled kaon pairs produced through $φ\to K^0 \bar{K^0}$ in $φ$-factories. Contrasting with the exciting conclusions of other recent analyses, we predict the inexistence of such an observable effect.",1994-11-11T16:52:00Z,1994-11-11T16:52:00Z,"['B. Ancochea', 'A. Bramon']",hep-ph,"['hep-ph', 'quant-ph']",https://arxiv.org/pdf/hep-ph/9411270v1,"8 pages, LaTeX file, A postscript version can be obtained via anonymous ftp at ftp://ftp.ifae.es/preprint.ft/ )",Phys.Lett. B347 (1995) 419-423,10.1016/0370-2693(95)00077-X,3
gr-qc/9411035v5,Pedestrian notes on quantum mechanics,"I present an elementary essay on some issues related to nonrelativistic quantum mechanics, which is written in the spirit of extreme simplicity, making it an easy-to-read paper. Moreover, one can find a useful collection of ideas and opinions expressed by many well-known authors in this vast research field",1994-11-14T04:04:00Z,1997-05-12T22:26:04Z,['H. C. Rosu'],gr-qc,"['gr-qc', 'quant-ph']",https://arxiv.org/pdf/gr-qc/9411035v5,"15pp, twocolumn",Metaphysical Review 3 (1 May 1997) 8-22,,-1
hep-th/9411094v1,On the Local Equilibrium Condition,"A physical system is in local equilibrium if it cannot be distinguished from a global equilibrium by ``infinitesimally localized measurements''. This should be a natural characterization of local equilibrium, but the problem is to give a precise meaning to the qualitative phrase ``infinitesimally localized measurements''. A solution is suggested in form of a Local Equilibrium Condition, which can be applied to linear relativistic quantum field theories but not directly to selfinteracting quantum fields. The concept of local temperature resulting from LEC is compared to an old approach to local temperature based on the principle of maximal entropy. It is shown that the principle of maximal entropy does not always lead to physical states if it is applied to relativistic quantum field theories.",1994-11-14T12:38:03Z,1994-11-14T12:38:03Z,['Hermann Hessling'],hep-th,"['hep-th', 'quant-ph']",https://arxiv.org/pdf/hep-th/9411094v1,"5 pages, latex",,,2
gr-qc/9411044v1,How and why the wave function collapses after a measurement,"We explain the collapse of the wavefunction with the notion that, in a measurement, the system observed nucleates a first order phase transition in the measuring device. The possible final states differ by the values of macroscopic observables, and their relative phase is therefore unobservable. The process is irreversible, but needs no separate postulate.",1994-11-16T16:12:52Z,1994-11-16T16:12:52Z,"['Massimo Fioroni', 'Giorgio Immirzi']",gr-qc,"['gr-qc', 'quant-ph']",https://arxiv.org/pdf/gr-qc/9411044v1,"7 pages, latex",,,2
gr-qc/9411053v3,Remarks on the frequency spectra of some fundamental quantum effects,"Short remarks on the problem of assigning frequency spectra to Casimir, sonoluminescence, Hawking, Unruh, and quantum optical squeezing effects are presented",1994-11-21T03:15:00Z,1999-04-26T15:46:32Z,['H. C. Rosu'],gr-qc,"['gr-qc', 'quant-ph']",https://arxiv.org/pdf/gr-qc/9411053v3,"6 pages, LaTex",Nuovo Cimento B 114 (January 1999) 107-112,,-1
hep-th/9411172v1,Classical and quantum representation theory,"These notes present an introduction to an analytic version of deformation quantization. The central point is to study algebras of physical observables and their irreducible representations. In classical mechanics one deals with real Poisson algebras, whereas in quantum mechanics the observables have the structure of a real non-associative Jordan-Lie algebra. The non-associativity is proportional to $\pl^2$, hence for $\pl\raw 0$ one recovers a real Poisson algebra. This observation lies at the basis of `strict' deformation quantization, where one deforms a given Poisson algebra into a $C^*$-algebra, in such a way that the basic algebraic structures are preserved. Our main interest lies in degenerate Poisson algebras and their quantization by non-simple Jordan-Lie algebras. The traditional symplectic manifolds of classical mechanics, and their quantum counterparts (Hilbert spaces and operator algebras which act irreducibly) emerge from a generalized representation theory. This two-step procedure sheds considerable light on the subject. We discuss a large class of examples, in which the Poisson algebra canonically associated to an (integrable) Lie algebroid is deformed into the Jordan-Lie algebra of the corresponding Lie groupoid. A special case of this construction, which involves the gauge groupoid of a principal fibre bundle, describes the classical and quantum mechanics of a particle moving in an external gravitational and Yang-Mills field.",1994-11-23T17:43:44Z,1994-11-23T17:43:44Z,['N. P. Landsman'],hep-th,"['hep-th', 'quant-ph']",https://arxiv.org/pdf/hep-th/9411172v1,"LaTeX, 40 pages",,,14
hep-th/9411173v1,Observation and superselection in quantum mechanics,"We attempt to clarify the main conceptual issues in approaches to `objectification' or `measurement' in quantum mechanics which are based on superselection rules. Such approaches venture to derive the emergence of classical `reality' relative to a class of observers; those believing that the classical world exists intrinsically and absolutely are advised against reading this paper. The prototype approach (Hepp) where superselection sectors are assumed in the state space of the apparatus is shown to be untenable. Instead, one should couple system and apparatus to an environment, and postulate superselection rules for the latter. These are motivated by the locality of any observer or other (actual or virtual) monitoring system. In this way `environmental' solutions to the measurement problem (Zeh, Zurek) become consistent and acceptable, too. Points of contact with the modal interpretation are briefly discussed. We propose a minimal value attribution to observables in theories with superselection rules, in which only central observables have properties. In particular, the eigenvector-eigenvalue link is dropped. This is mainly motivated by Ockham's razor.",1994-11-23T17:53:16Z,1994-11-23T17:53:16Z,['N. P. Landsman'],hep-th,"['hep-th', 'quant-ph']",https://arxiv.org/pdf/hep-th/9411173v1,"LaTeX, 38 pages",,,8
hep-th/9411175v1,Aharonov-Bohm Scattering of a Localized Wave Packet: Analysis of the Forward Direction,"The Aharonov-Bohm scattering of a localized wave packet is considered. A careful analysis of the forward direction points out new results: according to the time-dependent solution obtained by means of the asymptotic representation for the propagator (kernel), a phenomenon of auto-interference occurs along the forward direction, where, also, the probability density current is evaluated and found finite.",1994-11-23T19:48:25Z,1994-11-23T19:48:25Z,['Davide Stelitano'],hep-th,"['hep-th', 'quant-ph']",https://arxiv.org/pdf/hep-th/9411175v1,20 pages,Phys.Rev. D51 (1995) 5876-5884,10.1103/PhysRevD.51.5876,11
hep-th/9411193v2,Information Loss in Black Holes and/or Conscious Beings?,"In 1976 Stephen Hawking proposed that information may be lost from our universe as a pure quantum state collapses gravitationally into a black hole, which then evaporates completely into a mixed state of thermal radiation. Although this proposal is controversial, it is tempting to consider analogous processes that might occur in certain theories of consciousness. For example, one might postulate that independent degrees of freedom be ascribed to the mental world to help explain the feeling of a correlation between one's desires and one's choice of actions. If so, one might ask whether information in the physical world can be lost to such postulated degrees of freedom in the mental world. Or, one might hypothesize that the mental world can affect the physical world by modifying the quantum action for the physical world in a coordinate-invariant way (analogous to the alpha parameters in wormhole theory).",1994-11-25T22:58:18Z,1994-11-26T07:10:20Z,['Don N. Page'],hep-th,"['hep-th', 'gr-qc', 'quant-ph']",https://arxiv.org/pdf/hep-th/9411193v2,10 pages. LaTeX,,,3
hep-th/9411196v2,Protective Measurements,"Protective measurements yield properties of the quantum state of a single quantum system without affecting the quantum state. A protective measurement involves adiabatic coupling to the measuring device together with a procedure to protect the state from changing. For nondegenerate energy eigenstates the protection is provided by the system itself. In this case it is actually possible to measure the Schrödinger wave via measurements on a single system. This fact provides an argument in favor of associating physical reality with a quantum state of a single system, challenging the usual ensemble interpretation. We also believe that the complete description of a quantum system requires a two-state vector formalism involving (in addition to the usual one)a future quantum state evolving backwards in time. Protective measurements testing the two-state vector reality are constructed.",1994-11-27T11:02:40Z,1994-11-29T17:47:15Z,"['Yakir Aharonov', 'Lev Vaidman']",hep-th,"['hep-th', 'quant-ph']",https://arxiv.org/pdf/hep-th/9411196v2,"21 pages, 1 figure",,10.1111/j.1749-6632.1995.tb38979.x,8
gr-qc/9411073v1,"Decoherence, Re-coherence, and the Black Hole Information Paradox","We analyze a system consisting of an oscillator coupled to a field. With the field traced out as an environment, the oscillator loses coherence on a very short {\it decoherence timescale}; but, on a much longer {\it relaxation timescale}, predictably evolves into a unique, pure (ground) state. This example of {\it re-coherence} has interesting implications both for the interpretation of quantum theory and for the loss of information during black hole evaporation. We examine these implications by investigating the intermediate and final states of the quantum field, treated as an open system coupled to an unobserved oscillator.",1994-11-30T00:36:36Z,1994-11-30T00:36:36Z,"['J. R. Anglin', 'R. Laflamme', 'W. H. Zurek', 'J. P. Paz']",gr-qc,"['gr-qc', 'hep-th', 'quant-ph']",https://arxiv.org/pdf/gr-qc/9411073v1,"23 pages, 2 figures included, figures 3.1 - 3.3 available at http://qso.lanl.gov/papers/Papers.html","Phys.Rev.D52:2221-2231,1995",10.1103/PhysRevD.52.2221,3
cond-mat/9412005v2,Dynamics of Quantum Collapse in Energy Measurements,"The influence of continuous measurements of energy with a finite accuracy is studied in various quantum systems through a restriction of the Feynman path-integrals around the measurement result. The method, which is equivalent to consider an effective Schrödinger equation with a non-Hermitian Hamiltonian, allows one to study the dynamics of the wavefunction collapse. A numerical algorithm for solving the effective Schrödinger equation is developed and checked in the case of a harmonic oscillator. The situations, of physical interest, of a two-level system and of a metastable quantum-well are then discussed. In the first case the Zeno inhibition observed in quantum optics experiments is recovered and extended to nonresonant transitions, in the second one we propose to observe inhibition of spontaneous decay in mesoscopic heterostructures. In all the considered examples the effect of the continuous measurement of energy is a freezing of the evolution of the system proportional to the accuracy of the measurement itself.",1994-12-01T15:14:10Z,1994-12-13T11:48:10Z,"['Ubaldo Tambini', 'Roberto Onofrio', 'Carlo Presilla']",cond-mat,"['cond-mat', 'hep-th', 'quant-ph']",https://arxiv.org/pdf/cond-mat/9412005v2,"20 pages with figures, compressed and uuencoded ps file",Phys. Rev. A 51 (1995) 967-975,10.1103/PhysRevA.51.967,2
gr-qc/9412005v3,Is Quantum Mechanics Compatible with a Deterministic Universe? Two Interpretations of Quantum Probabilities,"Two problems will be considered: the question of hidden parameters and the problem of Kolmogorovity of quantum probabilities. Both of them will be analyzed from the point of view of two distinct understandings of quantum mechanical probabilities. Our analysis will be focused, as a particular example, on the Aspect-type EPR experiment. It will be shown that the quantum mechanical probabilities appearing in this experiment can be consistently understood as conditional probabilities without any paradoxical consequences. Therefore, nothing implies in the Aspect experiment that quantum theory is incompatible with a deterministic universe.",1994-12-01T19:05:33Z,1995-04-13T14:44:45Z,['Laszlo E. Szabo'],gr-qc,"['gr-qc', 'quant-ph']",https://arxiv.org/pdf/gr-qc/9412005v3,"REVISED VERSION! ONLY SMALL CHANGES IN THE TEXT! compressed and uuencoded postscript, a uuencoded version of a demo program file (epr.exe for DOS) is attached as a ""Figure""",,10.1007/BF02186578,-1
gr-qc/9412006v1,Gravity and Geometric Phases,"The behavior of a quantum test particle satisfying the Klein-Gordon equation in a certain class of 4 dimensional stationary space-times is examined. In a space-time of a spinning cosmic string, the wave function of a particle in a box is shown to acquire a geometric phase when the box is transported around a closed path surrounding the string. When interpreted as an Aharonov-Anandan geometric phase, the effect is shown to be related to the Aharonov-Bohm effect.",1994-12-01T20:03:50Z,1994-12-01T20:03:50Z,"['A. Corichi', 'M. Pierri']",gr-qc,"['gr-qc', 'hep-th', 'quant-ph']",https://arxiv.org/pdf/gr-qc/9412006v1,"11 pages, latex file",Phys.Rev. D51 (1995) 5870-5875,10.1103/PhysRevD.51.5870,3
gr-qc/9412012v4,Classical and quantum inertia: A matter of principles,"A simple, general discussion of the problem of inertia is provided both in classical physics and in the quantum world. After briefly reviewing the classical principles of equivalence (weak (WEP), Einstein (EEP), strong (SEP)), I pass to a presentation of several equivalence statements in nonrelativistic quantum mechanics and for quantum field vacuum states. It is suggested that a reasonable type of preferred quantum field vacua may be considered: those possessing stationary spectra of their vacuum fluctuations with respect to accelerated classical trajectories",1994-12-04T01:36:00Z,1999-07-15T23:06:22Z,['H. C. Rosu'],gr-qc,"['gr-qc', 'quant-ph']",https://arxiv.org/pdf/gr-qc/9412012v4,"18 pages, v4, however pv is slightly different of v4","Grav.Cosmol.5:81-91,1999",,-1
hep-th/9412047v1,Quantum computation and complexity theory,The Hilbert space formalism of quantum mechanics is reviewed with emphasis on applications to quantum computing. Standard interferomeric techniques are used to construct a physical device capable of universal quantum computation. Some consequences for recursion theory and complexity theory are discussed.,1994-12-06T10:30:55Z,1994-12-06T10:30:55Z,['K. Svozil'],hep-th,"['hep-th', 'quant-ph']",https://arxiv.org/pdf/hep-th/9412047v1,"51 pages, PostScript",,,6
hep-th/9412048v3,The diagonalization method in quantum recursion theory,"As quantum parallelism allows the effective co-representation of classical mutually exclusive states, the diagonalization method of classical recursion theory has to be modified. Quantum diagonalization involves unitary operators whose eigenvalues are different from one.",1994-12-06T10:32:51Z,2009-04-22T13:07:58Z,['Karl Svozil'],hep-th,"['hep-th', 'quant-ph']",https://arxiv.org/pdf/hep-th/9412048v3,"15 pages, completely rewritten","Quant.Inf.Proc.9:295-305,2010",10.1007/s11128-009-0115-z,6
hep-th/9412046v1,Speedup in quantum computation is associated with attenuation of processing probability,"Quantum coherence allows the computation of an arbitrary number of distinct computational paths in parallel. Based on quantum parallelism it has been conjectured that exponential or even larger speedups of computations are possible. Here it is shown that, although in principle correct, any speedup is accompanied by an associated attenuation of detection rates. Thus, on the average, no effective speedup is obtained relative to classical (nondeterministic) devices.",1994-12-06T10:34:30Z,1994-12-06T10:34:30Z,['K. Svozil'],hep-th,"['hep-th', 'quant-ph']",https://arxiv.org/pdf/hep-th/9412046v1,4 pages,,,6
hep-th/9412167v3,Hilbert Space Representation of the Minimal Length Uncertainty Relation,"The existence of a minimal observable length has long been suggested, in quantum gravity, as well as in string theory. In this context a generalized uncertainty relation has been derived which quantum theoretically describes the minimal length as a minimal uncertainty in position measurements. Here we study in full detail the quantum mechanical structure which underlies this uncertainty relation.",1994-12-19T14:36:09Z,1996-12-12T22:07:13Z,"['A. Kempf', 'G. Mangano', 'R. B. Mann']",hep-th,"['hep-th', 'quant-ph']",https://arxiv.org/pdf/hep-th/9412167v3,"21 pages, latex, epsf, 4 figures, final version which appears in Physical Review D","Phys.Rev.D52:1108-1118,1995",10.1103/PhysRevD.52.1108,4
quant-ph/9412001v1,Photon Statistics of a Two-Mode Squeezed Vacuum,"We investigate the general case of the photon distribution of a two-mode squeezed vacuum and show that the distribution of photons among the two modes depends on four parameters: two squeezing parameters, the relative phase between the two oscillators and their spatial orientation. The distribution of the total number of photons depends only on the two squeezing parameters. We derive analytical expressions and present pictures for both distributions.",1994-12-21T09:22:43Z,1994-12-21T09:22:43Z,"['G. Schrade', 'V. M. Akulin', 'W. P. Schleich', ""V. I. Man'ko""]",quant-ph,['quant-ph'],https://arxiv.org/pdf/quant-ph/9412001v1,"LATEX, 6 pages, Contribution to the third International Workshop on Squeezed States and Uncertainty Relations, Baltimore, August 1993","Phys.Rev.A48:2398-2406,1993",10.1103/PhysRevA.48.2398,5
gr-qc/9412067v2,On the Consistent Histories Approach to Quantum Mechanics,"We review the consistent histories formulations of quantum mechanics developed by Griffiths, Omnès and Gell-Mann and Hartle, and describe the classification of consistent sets. We illustrate some general features of consistent sets by a few simple lemmas and examples. We consider various interpretations of the formalism, and examine the new problems which arise in reconstructing the past and predicting the future. It is shown that Omnès' characterisation of true statements --- statements which can be deduced unconditionally in his interpretation --- is incorrect. We examine critically Gell-Mann and Hartle's interpretation of the formalism, and in particular their discussions of communication, prediction and retrodiction, and conclude that their explanation of the apparent persistence of quasiclassicality relies on assumptions about an as yet unknown theory of experience. Our overall conclusion is that the consistent histories approach illustrates the need to supplement quantum mechanics by some selection principle in order to produce a fundamental theory capable of unconditional predictions.",1994-12-22T15:22:13Z,1996-01-25T19:35:25Z,"['Fay Dowker', 'Adrian Kent']",gr-qc,"['gr-qc', 'hep-th', 'quant-ph']",https://arxiv.org/pdf/gr-qc/9412067v2,"Published version, to appear in J. Stat. Phys. in early 1996. The main arguments and conclusions remain unaltered, but there are significant revisions from the earlier archive version. These include a new subsection on interpretations of the formalism, other additions clarifying various arguments in response to comments, and some minor corrections. (87 pages, TeX with harvmac.)",J.Statist.Phys. 82 (1996) 1575-1646,10.1007/BF02183396,12
quant-ph/9412002v1,The Emergence of Classicality via Decoherence: Beyond the Caldeira-Legget Environment,"Maximally predictive states, as defined in recent work by Zurek, Habib and Paz, are studied for more elaborate environment models than a linear coupling. An environment model which includes spatial correlations in the noise is considered in the non-dissipative regime. The Caldeira-Leggett model is also reconsidered in the context of an averaging procedure which produces a completely positive form for the quantum master equation. In both cases, the maximally predictive states for the harmonic oscillator are the coherent states, which is the same result found by Zurek,Habib and Paz for the Caldeira-Legget environment.",1994-12-22T18:15:00Z,1994-12-22T18:15:00Z,['Michael R. Gallis'],quant-ph,['quant-ph'],https://arxiv.org/pdf/quant-ph/9412002v1,"LaTeX, 5 pages, (to appear in Proceedings of the 4th Drexel Symposium on Quantum Nonintegrability)",,,3
quant-ph/9412003v1,"String Theory, Black Holes and Klein's Lemma","This is a writeup of a talk given at the Oskar Klein Centenery Symposium, Stockholm, September 19-21, 1994. It is an essay on the black hole information paradox and its connection with thermodynamics and the foundations of quantum mechanics.",1994-12-23T13:39:50Z,1994-12-23T13:39:50Z,['Ulf H. Danielsson'],quant-ph,['quant-ph'],https://arxiv.org/pdf/quant-ph/9412003v1,"17 pages, Latex",,,3
quant-ph/9412004v1,Strong Determinism vs. Computability,"Are minds subject to laws of physics? Are the laws of physics computable? Are conscious thought processes computable? Currently there is little agreement as to what are the right answers to these questions. Penrose goes one step further and asserts that: {\it a radical new theory is indeed needed, and I am suggesting, moreover, that this theory, when it is found, will be of an essentially non-computational character.} The aim of this paper is three fold: 1) to examine the incompatibility between the hypothesis of strong determinism and computability, 2) to give new examples of uncomputable physical laws, and 3) to discuss the relevance of Gödel's Incompleteness Theorem in refuting the claim that an algorithmic theory---like strong AI---can provide an adequate theory of mind. Finally, we question the adequacy of the theory of computation to discuss physical laws and thought processes.",1994-12-23T17:45:06Z,1994-12-23T17:45:06Z,"['C. Calude', 'D. I. Campbell', 'K. Svozil', 'D. Ştefănecu']",quant-ph,"['quant-ph', 'nlin.CD']",https://arxiv.org/pdf/quant-ph/9412004v1,"13 pages, LaTeX","The Foundational Debate. Complexity and Constructivity in Mathematics and Physics. Vienna Circle Institute Yearbook, Vol. 3, ed. by Werner DePauli Schimanovich, Eckehart Koehler and Friedrich Stadler (Kluwer, Dordrecht, Boston, London, 1995), p. 115-131.",,1
quant-ph/9412006v1,Kochen-Specker theorem for 8-dimensional space,"A Kochen-Specker contradiction is produced with 36 vectors in a real 8-dimensional Hilbert space. These vectors can be combined into 30 distinct projection operators (14 of rank 2, and 16 of rank 1). A state-specific variant of this contradiction requires only 13 vectors, a remarkably low number for 8 dimensions.",1994-12-26T07:21:13Z,1994-12-26T07:21:13Z,"['Michael Kernaghan', 'Asher Peres']",quant-ph,['quant-ph'],https://arxiv.org/pdf/quant-ph/9412006v1,LaTeX 8 pages,Phys.Lett. A198 (1995) 1-5,10.1016/0375-9601(95)00012-R,6
quant-ph/9412007v2,Infinite matrices may violate the associative law,"The momentum operator for a particle in a box is represented by an infinite order Hermitian matrix $P$. Its square $P^2$ is well defined (and diagonal), but its cube $P^3$ is ill defined, because $P P^2\neq P^2 P$. Truncating these matrices to a finite order restores the associative law, but leads to other curious results.",1994-12-26T11:30:51Z,1998-09-10T13:48:25Z,"['Ofir E. Alon', 'Nimrod Moiseyev', 'Asher Peres']",quant-ph,['quant-ph'],https://arxiv.org/pdf/quant-ph/9412007v2,final version in J. Phys. A28 (1995) 1765-1770,J.Phys. A28 (1995) 1765-1770,10.1088/0305-4470/28/6/027,-1
quant-ph/9412005v1,On the Stronger Statement of Levinson's Theorem for the Dirac Equation,"Recently a stronger statement of Levinson's theorem for the Dirac equation was presented, where the limits of the phase shifts at $E=\pm M$ are related to the numbers of nodes of radial functions at the same energies, respectively. However, in this letter we show that this statement has to be modified because the limits of the phase shifts may be negative for the Dirac equation.",1994-12-26T14:46:37Z,1994-12-26T14:46:37Z,['Zhong-Qi Ma'],quant-ph,['quant-ph'],https://arxiv.org/pdf/quant-ph/9412005v1,,,,-1
quant-ph/9412008v1,"A general formulation of discrete-time quantum mechanics, restrictions on the action and the relation of unitarity to the existence theorem for initial-value problems","A general formlulation for discrete-time quantum mechanics, based on Feynman's method in ordinary quantum mechanics, is presented. It is shown that the ambiguities present in ordinary quantum mechanics (due to noncommutativity of the operators), are no longer present here. Then the criteria for the unitarity of the evolution operator is examined. It is shown that the unitarity of the evolution operator puts restrictions on the form of the action, and also implies the existence of a solution for the classical initial-value problem.",1994-12-28T08:16:58Z,1994-12-28T08:16:58Z,['M. Khorrami'],quant-ph,['quant-ph'],https://arxiv.org/pdf/quant-ph/9412008v1,"13 pages, TeX",Annals Phys. 244 (1995) 101-111,10.1006/aphy.1995.1108,13
quant-ph/9412009v1,Superconvergent Perturbation Method in Quantum Mechanics,An analogue of Kolmogorov's superconvergent perturbation theory in classical mechanics is constructed for self adjoint operators. It is different from the usual Rayleigh--Schrödinger perturbation theory and yields expansions for eigenvalues and eigenvectors in terms of functions of the perturbation parameter.,1994-12-30T12:31:04Z,1994-12-30T12:31:04Z,['Wolfgang Scherer'],quant-ph,['quant-ph'],https://arxiv.org/pdf/quant-ph/9412009v1,"11 pages, LaTeX","Phys.Rev.Lett.74:1495-1499,1995",10.1103/PhysRevLett.74.1495,9
quant-ph/9412010v1,Quantum Averaging I: Poincaré--von Zeipel is Rayleigh--Schrödinger,An exact analogue of the method of averaging in classical mechanics is constructed for self--adjoint operators. It is shown to be completely equivalent to the usual Rayleigh--Schrödinger perturbation theory but gives the sums over intermediate states in closed form expressions. The anharmonic oscillator and the Henon--Heiles system are treated as examples to illustrate the quantum averaging method.,1994-12-30T12:54:24Z,1994-12-30T12:54:24Z,['Wolfgang Scherer'],quant-ph,['quant-ph'],https://arxiv.org/pdf/quant-ph/9412010v1,"12 pages, LaTeX, to appear in Journ. Phys. A",J.Phys. A27 (1994) 8231-8246,10.1088/0305-4470/27/24/028,9
quant-ph/9412011v1,Two Mode Quantum Systems: Invariant Classification of Squeezing Transformations and Squeezed States,"A general analysis of squeezing transformations for two mode systems is given based on the four dimensional real symplectic group $Sp(4,\Re)\/$. Within the framework of the unitary metaplectic representation of this group, a distinction between compact photon number conserving and noncompact photon number nonconserving squeezing transformations is made. We exploit the $Sp(4,\Re)-SO(3,2)\/$ local isomorphism and the $U(2)\/$ invariant squeezing criterion to divide the set of all squeezing transformations into a two parameter family of distinct equivalence classes with representative elements chosen for each class. Familiar two mode squeezing transformations in the literature are recognized in our framework and seen to form a set of measure zero. Examples of squeezed coherent and thermal states are worked out. The need to extend the heterodyne detection scheme to encompass all of $U(2)\/$ is emphasized, and known experimental situations where all $U(2)\/$ elements can be reproduced are briefly described.",1994-12-31T10:18:28Z,1994-12-31T10:18:28Z,"['Arvind', 'B. Dutta', 'N. Mukunda', 'R. Simon']",quant-ph,['quant-ph'],https://arxiv.org/pdf/quant-ph/9412011v1,"Revtex 37 pages, Latex figures included","Phys. Rev. A 52, 1609 (1995)",10.1103/PhysRevA.52.1609,-1
quant-ph/9412012v1,Quantization Failure in Unified Field Theories,"Studies of geometrical theories suggest that fundmental problems of quantization arise from the disparate usage of displacement operators. These may be the source of a concealed inconsistency in the accepted formalism of quantum physics. General relativity and related theories cannot be quantized by the classical procedure. It is necessary to avoid the construction of differential equations by operators applied algebraically. For such theories, Von Neumann's theorem concerning hidden variables is avoided. A specified alternative class of gravitational-quantum-electrodynamic theories is possible.",1995-01-01T05:47:55Z,1995-01-01T05:47:55Z,['Daniel C. Galehouse'],quant-ph,"['quant-ph', 'gr-qc']",https://arxiv.org/pdf/quant-ph/9412012v1,"10 pages, latex/revtex, no figures",,,14
quant-ph/9501001v3,"Critique of proposed limit to space--time measurement, based on Wigner's clocks and mirrors","Based on a relation between inertial time intervals and the Riemannian curvature, we show that space--time uncertainty derived by Ng and van Dam implies absurd uncertainties of the Riemannian curvature.",1995-01-04T12:17:00Z,1995-01-06T12:26:00Z,"['Lajos Diosi', 'B. Lukacs']",quant-ph,['quant-ph'],https://arxiv.org/pdf/quant-ph/9501001v3,"5 pages, LaTex, field ""Author:"" corrected","Europhys.Lett.34:479-481,1996",10.1209/epl/i1996-00482-6,4
quant-ph/9501002v2,RESOLUTION OF A ``RETRODICTION PARADOX'',"It is shown that the ``retrodiction paradox'' recently introduced by Peres arises not because of the fallacy of the time-symmetric approach as he claimed, but due to an inappropriate usage of retrodiction.",1995-01-04T14:38:37Z,1995-03-07T09:02:45Z,"['Y. Aharonov', 'L. Vaidman']",quant-ph,['quant-ph'],https://arxiv.org/pdf/quant-ph/9501002v2,4 pages,,,10
quant-ph/9501003v1,NONLOCALITY OF A SINGLE PHOTON REVISITED AGAIN,"Comment on L. Hardy, Phys. Rev. Lett. {\bf 73}, 2279 (1994). It is argued that the experiment proposed by Hardy should not be considered as a single photon experiment.",1995-01-04T14:41:43Z,1995-01-04T14:41:43Z,['L. Vaidman'],quant-ph,['quant-ph'],https://arxiv.org/pdf/quant-ph/9501003v1,"5 pages, LaTeX",Phys.Rev.Lett. 75 (1995) 2063,10.1103/PhysRevLett.75.2063,5
quant-ph/9501004v1,Irreversibility in quantum field theory,"It is shown how the programme of decoherence can be applied in the context of quantum field theory. To illustrate the role of gauge invariance, we first discuss the charge superselection rule in quantum electrodynamics in some detail. We then present an example where macroscopic electromagnetic fields are ``measured"" through interaction with charges and thereby rendered classical.",1995-01-04T15:02:52Z,1995-01-04T15:02:52Z,['Claus Kiefer'],quant-ph,"['quant-ph', 'hep-th']",https://arxiv.org/pdf/quant-ph/9501004v1,"7 pages, LATEX, Contribution to the Clausthal-Symposium (August 1994)",,,-1
quant-ph/9501005v2,Reply to the comment of Y. Aharonov and L. Vaidman on ``Time asymmetry in quantum mechanics: a retrodiction paradox'',"In the standard physical interpretation of quantum theory, prediction and retrodiction are not symmetric. The opposite assertion by some authors results from their use of non-standard interpretations of the theory.",1995-01-05T16:00:03Z,1998-09-24T13:29:21Z,['Asher Peres'],quant-ph,['quant-ph'],https://arxiv.org/pdf/quant-ph/9501005v2,final version in Physics Letters A 203 (1995) 150,,10.1016/0375-9601(95)00395-J,10
quant-ph/9501006v1,"CAUSALITY, MEMORY ERASING AND DELAYED CHOICE EXPERIMENTS","Comment on [R.L. Ingraham, Phys. Rev. A 50, 4502 (1994)]. Ingraham suggested ``a delayed-choice experiment with partial, controllable memory erasing''. It is shown that he cannot be right since his predictions contradict relativistic causality. A subtle quantum effect which was overlooked by Ingraham is explained.",1995-01-08T15:57:50Z,1995-01-08T15:57:50Z,"['Y. Aharonov', 'S. Popsecu', 'L. Vaidman']",quant-ph,['quant-ph'],https://arxiv.org/pdf/quant-ph/9501006v1,"4 pages, LaTeX",,10.1103/PhysRevA.52.4984,10
quant-ph/9501007v1,Nonlinear Schroedinger equation and two-level atoms,General features of nonlinear quantum mechanics are discussed in the context of applications to two-level atoms.,1995-01-09T00:01:40Z,1995-01-09T00:01:40Z,['Marek Czachor'],quant-ph,['quant-ph'],https://arxiv.org/pdf/quant-ph/9501007v1,,,10.1103/PhysRevA.53.1310,0
quant-ph/9501008v1,Triple bracket generalization of quantum mechanics,An extension of the Liouville-von Neumann dynamics to a Nambu-type dynamics is proposed. The resulting theory is the first version of nonlinear QM which is free from internal inconsistencies.,1995-01-09T00:14:21Z,1995-01-09T00:14:21Z,['Marek Czachor'],quant-ph,['quant-ph'],https://arxiv.org/pdf/quant-ph/9501008v1,,,,14
quant-ph/9501010v1,Dymanics of Generalized Coherent States,"We show that generalized coherent states follow Schrödinger dynamics in time-dependent potentials. The normalized wave-packets follow a classical evolution without spreading; in turn, the Schrödinger potential depends on the state through the classical trajectory. This feedback mechanism with continuous dynamical re-adjustement allows the packets to remain coherent indefinetely.",1995-01-10T13:35:36Z,1995-01-10T13:35:36Z,"['S. De Martino', 'S. De Siena', 'F. Illuminati']",quant-ph,"['quant-ph', 'cond-mat', 'hep-th']",https://arxiv.org/pdf/quant-ph/9501010v1,"8 pages, plain latex, no figures",Mod.Phys.Lett. B9 (1995) 823,10.1142/S0217984995000772,3
quant-ph/9501009v1,Selective continuous quantum measurements: Restricted path integrals and wave equations,"We discuss both the restricted path integral (RPI) and the wave equation (WE) techniques in the theory of continuous quantum measurements. We intend to make Mensky's fresh review complete by transforming his ""effective"" WE with complex Hamiltonian into Ito-differential equations.",1995-01-10T15:51:00Z,1995-01-10T15:51:00Z,['Lajos Diosi'],quant-ph,['quant-ph'],https://arxiv.org/pdf/quant-ph/9501009v1,"5 pages, LaTex",,,7
cond-mat/9501037v1,On Schroedinger Equations with Concentrated Nonlinearities,Schrödinger equations with nonlinearities concentrated in some regions of space are good models of various physical situations and have interesting mathematical properties. We show that in the semiclassical limit it is possible to separate the relevant degrees of freedom by noticing that in the regions where the nonlinearities are effective all states are suppressed but the metastable ones (resonances). In this way the description of the nonlinear regions is reduced to ordinary differential equations weakly coupled to standard Schrödinger equations valid in the linear regions. The idea is illustrated through the study of a prototype equation recently proposed for resonant tunneling of electrons through a double barrier heterostructure and for which nonlinear oscillations have been numerically predicted.,1995-01-10T16:39:22Z,1995-01-10T16:39:22Z,"['Giovanni Jona-Lasinio', 'Carlo Presilla', 'Johannes Sjöstrand']",cond-mat,"['cond-mat', 'quant-ph']",https://arxiv.org/pdf/cond-mat/9501037v1,"24 pages with figures, compressed and uuencoded ps file",Ann. Phys. (NY) 240 (1995) 1-21,10.1006/aphy.1995.1040,0
hep-th/9501034v1,Stochastic Variational Approach to Minimum Uncertainty States,We introduce a new variational characterization of Gaussian diffusion processes as minimum uncertainty states. We then define a variational method constrained by kinematics of diffusions and Schrödinger dynamics to seek states of local minimum uncertainty for general non-harmonic potentials.,1995-01-11T14:30:40Z,1995-01-11T14:30:40Z,"['F. Illuminati', 'L. Viola']",hep-th,"['hep-th', 'cond-mat', 'quant-ph']",https://arxiv.org/pdf/hep-th/9501034v1,"11 pages, latex, 12pt A4wide, no figures",J.Phys. A28 (1995) 2953-2962,10.1088/0305-4470/28/10/022,-1
hep-th/9501035v1,Distorted Heisenberg Algebra and Coherent States for Isospectral Oscillator Hamiltonians,"The dynamical algebra associated to a family of isospectral oscillator Hamiltonians is studied through the analysis of its representation in the basis of energy eigenstates. It is shown that this representation becomes similar to that of the standard Heisenberg algebra, and it is dependent of a parameter $w\geq 0$. We name it {\it distorted Heisenberg algebra}, where $w$ is the distortion parameter. The corresponding coherent states for an arbitrary $w$ are derived, and some particular examples are discussed in full detail. A prescription to produce the squeezing, by adequately selecting the initial state of the system, is given.",1995-01-11T20:46:00Z,1995-01-11T20:46:00Z,"['David J. Fernández C.', 'Luis M. Nieto', 'Oscar Rosas-Ortiz']",hep-th,"['hep-th', 'quant-ph']",https://arxiv.org/pdf/hep-th/9501035v1,"21 pages, Latex, 3 figures available as hard copies upon request from the first Author",J. Phys. A: Math. Gen. 28 (1995) 2693-2708,10.1088/0305-4470/28/9/026,11
quant-ph/9501011v2,On a Time Symmetric Formulation of Quantum Mechanics,"We explore further the suggestion to describe a pre- and post-selected system by a two-state, which is determined by two conditions. Starting with a formal definition of a two-state Hilbert space and basic operations, we systematically recast the basics of quantum mechanics - dynamics, observables, and measurement theory - in terms of two-states as the elementary quantities. We find a simple and suggestive formulation, that ``unifies'' two complementary observables: probabilistic observables and non-probabilistic `weak' observables. Probabilities are relevant for measurements in the `strong coupling regime'. They are given by the absolute square of a two-amplitude (a projection of a two-state). Non-probabilistic observables are observed in sufficiently `weak' measurements, and are given by linear combinations of the two-amplitude. As a sub-class they include the `weak values' of hermitian operators. We show that in the intermediate regime, one may observe a mixing of probabilities and weak values. A consequence of the suggested formalism and measurement theory, is that the problem of non-locality and Lorentz non-covariance, of the usual prescription with a `reduction', may be eliminated. We exemplify this point for the EPR experiment and for a system under successive observations.",1995-01-13T03:11:48Z,1995-05-11T01:16:34Z,"['B. Reznik', 'Y. Aharonov']",quant-ph,"['quant-ph', 'hep-th']",https://arxiv.org/pdf/quant-ph/9501011v2,"LaTex, 44 pages, 4 figures included. Figure captions and related text in sections 3.1, 4.2 are revised. A paragraph in pages 9-10 about non-generic two-states is clarified. Footnotes added","Phys. Rev. A 52, 2538 (1995).",10.1103/PhysRevA.52.2538,8
quant-ph/9501012v1,"Topology, Locality, and Aharonov-Bohm Effect with Neutrons","Recent neutron interferometry experiments have been interpreted as demonstrating a new topological phenomenon similar in principle to the usual Aharonov-Bohm (AB) effect, but with the neutron's magnetic moment replacing the electron's charge. We show that the new phenomenon, called Scalar AB (SAB) effect, follows from an ordinary local interaction, contrary to the usual AB effect, and we argue that the SAB effect is not a topological effect by any useful definition. We find that SAB actually measures an apparently novel spin autocorrelation whose operator equations of motion contain the local torque in the magnetic field. We note that the same remarks apply to the Aharonov-Casher effect.",1995-01-13T16:56:00Z,1995-01-13T16:56:00Z,"['Murray Peshkin', 'H. J. Lipkin']",quant-ph,"['quant-ph', 'hep-th']",https://arxiv.org/pdf/quant-ph/9501012v1,9 pages,Phys.Rev.Lett. 74 (1995) 2847-2850,10.1103/PhysRevLett.74.2847,-1
quant-ph/9501014v5,The Nine Lives of Schroedinger's Cat,"This MSc dissertation surveys nine interpretations of non-relativistic quantum mechanics. Extensive references are given. The interpretations covered are: the orthodox interpretation, Bohr's interpretation, the idea that the mind causes collapse, hidden variables, the many-worlds interpretation, the many-minds interpretation, Bohm's interpretation and two interpretations based on decoherent histories.",1995-01-16T08:13:25Z,1995-01-27T14:14:43Z,['Zvi Schreiber'],quant-ph,['quant-ph'],https://arxiv.org/pdf/quant-ph/9501014v5,LaTeX + 2 PostScript figures. Uses amstex and epsf.sty. Imperial College MSc dissertation,,,12
quant-ph/9501013v1,Sub-femtosecond determination of transmission delay times for a dielectric mirror (photonic bandgap) as a function of angle of incidence,"Using a two-photon interference technique, we measure the delay for single-photon wavepackets to be transmitted through a multilayer dielectric mirror, which functions as a ``photonic bandgap'' medium. By varying the angle of incidence, we are able to confirm the behavior predicted by the group delay (stationary phase approximation), including a variation of the delay time from superluminal to subluminal as the band edge is tuned towards to the wavelength of our photons. The agreement with theory is better than 0.5 femtoseconds (less than one quarter of an optical period) except at large angles of incidence. The source of the remaining discrepancy is not yet fully understood.",1995-01-16T11:11:10Z,1995-01-16T11:11:10Z,"['Aephraim M. Steinberg', 'Raymond Y. Chiao']",quant-ph,['quant-ph'],https://arxiv.org/pdf/quant-ph/9501013v1,5 pages and 5 figures,,10.1103/PhysRevA.51.3525,7
hep-lat/9501018v1,Measuring the Hausdorff Dimension of Quantum Mechanical Paths,"We measure the propagator length in imaginary time quantum mechanics by Monte Carlo simulation on a lattice and extract the Hausdorff dimension $d_{H}$.  We find that all local potentials fall into the same universality class giving $d_{H}=2$ like the free motion. A velocity dependent action ($S \propto \int dt \mid \vec{v} \mid^α$) in the path integral (e.g. electrons moving in solids, or Brueckner's theory of nuclear matter) yields $d_{H}=\frac{α}{α- 1}$ if $α> 2$ and $d_{H}=2$ if $α\leq 2$. We discuss the relevance of fractal pathes in solid state physics and in $QFT$, in particular for the Wilson loop in $QCD$.",1995-01-17T04:06:44Z,1995-01-17T04:06:44Z,"['H. Kroger', 'S. Lantagne', 'K. J. M. Moriarty', 'B. Plache']",hep-lat,"['hep-lat', 'quant-ph']",https://arxiv.org/pdf/hep-lat/9501018v1,uuencoded and compressed shell archive file. 8 pages with 7 figures,Phys.Lett. A199 (1995) 299,10.1016/0375-9601(95)00127-O,-1
quant-ph/9501015v1,How much time does a tunneling particle spend in the barrier region?,"The question in the title may be answered by considering the outcome of a ``weak measurement'' in the sense of Aharonov et al. Various properties of the resulting time are discussed, including its close relation to the Larmor times. It is a universal description of a broad class of measurement interactions, and its physical implications are unambiguous.",1995-01-17T20:01:22Z,1995-01-17T20:01:22Z,['Aephraim M. Steinberg'],quant-ph,['quant-ph'],https://arxiv.org/pdf/quant-ph/9501015v1,5 pages; no figures,"Phys.Rev.Lett.74:2405-2409,1995",10.1103/PhysRevLett.74.2405,7
quant-ph/9501016v1,Quantum Nonlocality in Two-Photon Experiments at Berkeley,"We review some of our experiments performed over the past few years on two-photon interference. These include a test of Bell's inequalities, a study of the complementarity principle, an application of EPR correlations for dispersion-free time-measurements, and an experiment to demonstrate the superluminal nature of the tunneling process. The nonlocal character of the quantum world is brought out clearly by these experiments. As we explain, however, quantum nonlocality is not inconsistent with Einstein causality.",1995-01-18T13:16:57Z,1995-01-18T13:16:57Z,"['Raymond Y. Chiao', 'Paul G. Kwiat', 'Aephraim M. Steinberg']",quant-ph,['quant-ph'],https://arxiv.org/pdf/quant-ph/9501016v1,16 pages including 24 figures,,10.1088/1355-5111/7/3/006,5
cond-mat/9501081v2,The functional-analytic versus the functional-integral approach to quantum Hamiltonians: The one-dimensional hydrogen atom.,"The capabilities of the functional-analytic and of the functional-integral approach for the construction of the Hamiltonian as a self-adjoint operator on Hilbert space are compared in the context of non-relativistic quantum mechanics. Differences are worked out by taking the one-dimensional hydrogen atom as an example, that is, a point mass on the Euclidean line subjected to the inverse-distance potential. This particular choice is made with the intent to clarify a long-lasting discussion about its spectral properties. In fact, for the four-parameter family of possible Hamiltonians the corresponding energy-dependent Green functions are derived in closed form. The multiplicity of Hamiltonians should be kept in mind when modelling certain experimental situations as, for instance, in quantum wires.",1995-01-18T16:24:29Z,1995-01-23T17:18:10Z,"['W. Fischer', 'H. Leschke', 'P. Mueller']",cond-mat,"['cond-mat', 'math.FA', 'quant-ph']",https://arxiv.org/pdf/cond-mat/9501081v2,"14 pages, RevTeX 3.0, AMSfonts, 1 Figure available upon request from the Authors, to appear in J. Math. Phys. May 1995. Changes: Eq. (3) is rewritten and it is clarified that no weak derivatives are used","J. Math. Phys. 36, 2313-2323 (1995)",10.1063/1.531040,11
quant-ph/9501017v1,What happens to spin during the SO(3)->SE(2) contraction? (On spin and extended structures in quantum mechanics),It is shown that the spin operator can be described by an algebra which is in between so(3) and e(2). Relativistic version of the singlet state for two Dirac electrons is discussed. It is shown that a measure of massless particle's extension can be naturally constructed and that this measure corresponds at the classical level to the radius of the Robinson congruence.,1995-01-18T23:51:59Z,1995-01-18T23:51:59Z,"['M. Czachor', 'A. Posiewnik']",quant-ph,['quant-ph'],https://arxiv.org/pdf/quant-ph/9501017v1,"6 pages, REVTeX",,,13
quant-ph/9501018v1,Effective Quantum Observables,"Thought experiments about the physical nature of set theoretical counterexamples to the axiom of choice motivate the investigation of peculiar constructions, e.g. an infinite dimensional Hilbert space with a modular quantum logic. Applying a concept due to BENIOFF, we identify the intrinsically effective Hamiltonians with those observables of quantum theory which may coexist with a failure of the axiom of choice. Here a self adjoint operator is intrinsically effective, iff the Schroedinger equation of its generated semigroup is soluble by means of eigenfunction series expansions.",1995-01-23T11:45:36Z,1995-01-23T11:45:36Z,"['N. Brunner', 'K. Svozil', 'M. Baaz']",quant-ph,['quant-ph'],https://arxiv.org/pdf/quant-ph/9501018v1,"TeX-file, 32 pages","NuovoCim.B110:1397-1414,1995",10.1007/BF02849839,-1
quant-ph/9501019v2,Nonlocal effects in Fock space,"If a physical system contains a single particle, and if two distant detectors test the presence of linear superpositions of one-particle and vacuum states, a violation of classical locality can occur. It is due to the creation of a two-particle component by the detecting process itself.",1995-01-25T07:52:34Z,1998-09-16T12:20:01Z,['Asher Peres'],quant-ph,['quant-ph'],https://arxiv.org/pdf/quant-ph/9501019v2,final version in PRL 74 (1995) 4571; 76 (1996) 2205 (erratum),Phys.Rev.Lett. 74 (1995) 4571; Erratum-ibid. 76 (1996) 2205,10.1103/PhysRevLett.74.4571,5
hep-th/9501117v2,A Stochastic Model of a Quantum Field Theory,"The problem of obtaining a realistic, relativistic description of a quantum system is discussed in the context of a simple (light-cone) lattice field theory. A natural stochastic model is proposed which, although non-local, is relativistic (in the appropriate lattice sense), and which is operationally indistinguishable from the standard quantum theory. The generalization to a broad class of lattice theories is briefly described.",1995-01-25T21:10:05Z,1995-03-16T15:02:36Z,['T. M. Samols'],hep-th,"['hep-th', 'quant-ph']",https://arxiv.org/pdf/hep-th/9501117v2,Correction to second-last paragraph of section 6; footnote added in section 5; section 9 trimmed; other minor changes. PlainTex 19pp. 4 eps figs.,,10.1007/BF02178555,13
quant-ph/9501020v2,An optical method for teleportation,A teleportation method using standard present day optical technology is presented.,1995-01-26T14:11:15Z,1995-01-29T15:19:26Z,['Sandu Popescu'],quant-ph,['quant-ph'],https://arxiv.org/pdf/quant-ph/9501020v2,minor changes and a reference added,,,6
quant-ph/9501022v1,Analysis of the Stern-Gerlach Measurement,"A dynamical model for the collapse of the wave function in a quantum measurement process is proposed by considering the interaction of a quantum system (spin-1/2) with a macroscopic quantum apparatus interacting with an environment in a dissipative manner. The dissipative interaction leads to decoherence in the superposition states of the apparatus, making its behaviour classical in the sense that the density matrix becomes diagonal with time. Since the apparatus is also interacting with the system, the probabilities of the diagonal density matrix are determined by the state vector of the system. We consider a Stern-Gerlach type model, where a spin- 1/2 particle is in an inhomogeneous magnetic field, the whole set up being in contact with a large environment. Here we find that the density matrix of the combined system and apparatus becomes diagonal and the momentum of the particle becomes correlated with a spin operator, selected by the choice of the system-apparatus interaction. This allows for a measurement of spin via a momentum measurement on the particle with associated probabilities in accordance with quantum principles.",1995-01-27T16:51:09Z,1995-01-27T16:51:09Z,"['A. Venugopalan', 'Deepak Kumar', 'R. Ghosh']",quant-ph,['quant-ph'],https://arxiv.org/pdf/quant-ph/9501022v1,"6 pages, revtex, 3 post script figures available on request",,,2
quant-ph/9501021v1,Effect of Decoherence on Bell's Inequality for an EPR Pair,"According to Bell's theorem, the degree of correlation between spatially separated measurements on a quantum system is limited by certain inequalities if one assumes the condition of locality. Quantum mechanics predicts that this limit can be exceeded, making it nonlocal. We analyse the effect of an environment modelled by a fluctuating magnetic field on the quantum correlations in an EPR singlet as seen in the Bell inequality. We show that in an EPR setup, the system goes from the usual 'violation' of Bell inequality to a 'non-violation' for times larger than a characteristic time scale which is related to the parameters of the fluctuating field. We also look at these inequalities as a function of the spatial separation between the EPR pair.",1995-01-27T16:52:58Z,1995-01-27T16:52:58Z,"['A. Venugopalan', 'Deepak Kumar', 'R. Ghosh']",quant-ph,['quant-ph'],https://arxiv.org/pdf/quant-ph/9501021v1,"5 pages, revtex, no figures",,,5
quant-ph/9501023v1,Interaction with a pre and post selected environment and recoherence,"The interaction of an open system $\s$ with a pre- and post-selected environment is studied. In general, under such circumstances $\s$ can not be described in terms of a density matrix, {\it even when $\s$ in not post-selected}. However, a simple description in terms of a two-state (TS) is always available. The two-state of $\s$ evolves in time from an initially `pure' TS to a `mixed' TS and back to a final `pure' TS. This generic process is governed by a modified Liouville equation, which is derived. For a sub-class of observables, which can still be described by an ordinary density matrix, this evolution generates recoherence to a final pure state. In some cases post-selection can even suppress any decoherence.",1995-01-31T00:16:40Z,1995-01-31T00:16:40Z,['B. Reznik'],quant-ph,"['quant-ph', 'gr-qc', 'hep-th']",https://arxiv.org/pdf/quant-ph/9501023v1,"17 pages, Latex.",,,2
hep-th/9501145v1,EXACTNESS IN THE WKB APPROXIMATION FOR SOME HOMOGENEOUS SPACES,"Analysis of the WKB exactness in some homogeneous spaces is attempted. $CP^N$ as well as its noncompact counterpart $D_{N,1}$ is studied. $U(N+1)$ or U(N,1) based on the Schwinger bosons leads us to $CP^N$ or $D_{N,1}$ path integral expression for the quantity, ${\rm tr} e^{-iHT}$, with the aid of coherent states. The WKB approximation terminates in the leading order and yields the exact result provided that the Hamiltonian is given by a bilinear form of the creation and the annihilation operators. An argument on the WKB exactness to more general cases is also made.",1995-02-01T01:34:40Z,1995-02-01T01:34:40Z,"['Kunio Funahashi', 'Taro Kashiwa', 'Seiji Sakoda', 'Kazuyuki Fujii']",hep-th,"['hep-th', 'quant-ph']",https://arxiv.org/pdf/hep-th/9501145v1,"27pages, latex, no figures","J.Math.Phys.36:4590-4611,1995",10.1063/1.530910,11
quant-ph/9502001v1,Optimal Measurements of Magnetic Flux in Superconducting Circuits and Macroscopic Quantum Mechanics,"A model of repeated quantum measurements of magnetic flux in superconducting circuits manifesting tunneling is discussed. The perturbation due to the previous measurements of magnetic flux is always present unless quantum nondemolition measurements are performed. By replacing the classical notion of noninvasivity with this condition, temporal Bell-like inequalities allows one to test the observability at the macroscopic level of the conflict between realism and quantum theory.",1995-02-01T11:11:32Z,1995-02-01T11:11:32Z,"['T. Calarco', 'R. Onofrio']",quant-ph,['quant-ph'],https://arxiv.org/pdf/quant-ph/9502001v1,"11 pages (no figures), to be published in Physics Letters A",Phys. Lett. A 198 (1995) 279,10.1016/0375-9601(94)01020-U,8
quant-ph/9502002v1,Cannot Local Reality Exist in the EPR-Bohm Gedankenexperiment ?,"We model measuring processes of a single spin-1/2 object and of a pair of spin-1/2 objects in the EPR-Bohm state by systems of differential equations. Our model is a local model with hidden-variables of the EPR-Bohm Gedankenexperiment. Although there is no dynamical interaction between a pair of spin-1/2 objects, the model can reproduce approximately the quantum-mechanical correlations by the coincidence counting. Hence the Bell inequality is violated. This result supports the idea that the coincidence counting is the source of the non-locality in the EPR-Bohm Gedankenexperiment.",1995-02-02T06:24:32Z,1995-02-02T06:24:32Z,['S. Uchiyama'],quant-ph,['quant-ph'],https://arxiv.org/pdf/quant-ph/9502002v1,"13 pages, phyzzx, six figures available upon request.",,10.1007/BF02055508,5
quant-ph/9502003v1,"Conditional probabilities in quantum theory, and the tunneling time controversy","It is argued that there is a sensible way to define conditional probabilities in quantum mechanics, assuming only Bayes's theorem and standard quantum theory. These probabilities are equivalent to the ``weak measurement'' predictions due to Aharonov {\it et al.}, and hence describe the outcomes of real measurements made on subensembles. In particular, this approach is used to address the question of the history of a particle which has tunnelled across a barrier. A {\it gedankenexperiment} is presented to demonstrate the physically testable implications of the results of these calculations, along with graphs of the time-evolution of the conditional probability distribution for a tunneling particle and for one undergoing allowed transmission. Numerical results are also presented for the effects of loss in a bandgap medium on transmission and on reflection, as a function of the position of the lossy region; such loss should provide a feasible, though indirect, test of the present conclusions. It is argued that the effects of loss on the pulse {\it delay time} are related to the imaginary value of the momentum of a tunneling particle, and it is suggested that this might help explain a small discrepancy in an earlier experiment.",1995-02-02T22:17:17Z,1995-02-02T22:17:17Z,['Aephraim M. Steinberg'],quant-ph,['quant-ph'],https://arxiv.org/pdf/quant-ph/9502003v1,"11 pages, latex, 4 postscript figures separate (one w/ 3 parts)","Phys.Rev.A52:32-42,1995",10.1103/PhysRevA.52.32,7
solv-int/9501009v1,Geometric phase effects for wavepacket revivals,"The study of wavepacket revivals is extended to the case of Hamiltonians which are made time-dependent through the adiabatic cycling of some parameters. It is shown that the quantal geometric phase (Berry's phase) causes the revived packet to be displaced along the classical trajectory, by an amount equal to the classical geometric phase (Hannay's angle), in one degree of freedom. A physical example illustrating this effect in three degrees of freedom is mentioned.",1995-02-02T22:23:17Z,1995-02-02T22:23:17Z,['Christopher Jarzynski'],nlin.SI,"['nlin.SI', 'quant-ph']",https://arxiv.org/pdf/solv-int/9501009v1,"Revtex, 11 pages, no figures.",Phys.Rev.Lett. 74 (1995) 1264,10.1103/PhysRevLett.74.1264,3
chao-dyn/9501027v1,Geometric phases and anholonomy for a class of chaotic classical systems,"Berry's phase may be viewed as arising from the parallel transport of a quantal state around a loop in parameter space. In this Letter, the classical limit of this transport is obtained for a particular class of chaotic systems. It is shown that this ``classical parallel transport'' is anholonomic --- transport around a closed curve in parameter space does not bring a point in phase space back to itself --- and is intimately related to the Robbins-Berry classical two-form.",1995-02-02T22:37:27Z,1995-02-02T22:37:27Z,['Christopher Jarzynski'],nlin.CD,"['nlin.CD', 'quant-ph']",https://arxiv.org/pdf/chao-dyn/9501027v1,"Revtex, 11 pages, no figures.",,10.1103/PhysRevLett.74.1732,3
quant-ph/9502004v1,IS THERE A CLASSICAL ANALOG OF A QUANTUM TIME-TRANSLATION MACHINE?,"In a recent article [D. Suter, Phys. Rev. {\bf A 51}, 45 (1995)] Suter has claimed to present an optical implementation of the quantum time-translation machine which ``shows all the features that the general concept predicts and also allows, besides the quantum mechanical, a classical description.'' It is argued that the experiment proposed and performed by Suter does not have the features of the quantum time-translation machine and that the latter has no classical analog.",1995-02-05T09:55:58Z,1995-02-05T09:55:58Z,['L. Vaidman'],quant-ph,['quant-ph'],https://arxiv.org/pdf/quant-ph/9502004v1,"7 pages, LaTeX",,10.1103/PhysRevA.52.4297,6
quant-ph/9502005v1,Bell's inequalities and density matrices. Revealing hidden nonlocality.,"As is well known, quantum mechanical behavior cannot, in general, be simulated by a local hidden variables model. Most -if not all- the proofs of this incompatibility refer to the correlations which arise when each of two (or more) systems separated in space is subjected to a single ideal measurement. This setting is good enough to show contradictions between local hidden variables models and quantum mechanics in the case of pure states. However, as shown here, it is not powerful enough in the case of mixtures. This is illustrated by an example. In this example, the correlations which arise when each of two systems separated in space is subjected to a single ideal measurement are classical; only when each system is subjected to a {\it sequence} of ideal measurements non-classical correlations are obtained. We also ask whether there are situations for which even this last procedure is not powerful enough and non-ideal measurements have to be considered as well.",1995-02-05T12:43:55Z,1995-02-05T12:43:55Z,['Sandu Popescu'],quant-ph,['quant-ph'],https://arxiv.org/pdf/quant-ph/9502005v1,"Plain TeX, 12 pg.","Phys.Rev.Lett.74:2619-2622,1995",10.1103/PhysRevLett.74.2619,5
quant-ph/9502006v1,Dissipation and memory capacity in the quantum brain model,"The quantum model of the brain proposed by Ricciardi and Umezawa is extended to dissipative dynamics in order to study the problem of memory capacity. It is shown that infinitely many vacua are accessible to memory printing in a way that in sequential information recording the storage of a new information does not destroy the previously stored ones, thus allowing a huge memory capacity. The mechanism of information printing is shown to induce breakdown of time-reversal symmetry. Thermal properties of the memory states as well as their relation with squeezed coherent states are finally discussed.",1995-02-06T18:08:54Z,1995-02-06T18:08:54Z,['Giuseppe Vitiello'],quant-ph,['quant-ph'],https://arxiv.org/pdf/quant-ph/9502006v1,"24 pages, Tex file",Int.J.Mod.Phys. B9 (1995) 973,10.1142/S0217979295000380,3
quant-ph/9502007v1,Quantum Electrodynamics at Large Distances III: Verification of Pole Factorization and the Correspondence Principle,"In two companion papers it was shown how to separate out from a scattering function in quantum electrodynamics a distinguished part that meets the correspondence-principle and pole-factorization requirements. The integrals that define the terms of the remainder are here shown to have singularities on the pertinent Landau singularity surface that are weaker than those of the distinguished part. These remainder terms therefore vanish, relative to the distinguished term, in the appropriate macroscopic limits. This shows, in each order of the perturbative expansion, that quantum electrodynamics does indeed satisfy the pole-factorization and correspondence-principle requirements in the case treated here. It also demonstrates the efficacy of the computational techniques developed here to calculate the consequences of the principles of quantum electrodynamics in the macroscopic and mesoscopic regimes.",1995-02-07T19:32:04Z,1995-02-07T19:32:04Z,"['Takahiro Kawai', 'Henry P. Stapp']",quant-ph,['quant-ph'],https://arxiv.org/pdf/quant-ph/9502007v1,"latex, 39 pages, 2 Figures included as uuencoded, tarred, gzipped, encapsulated postscript files, uses math_macros.tex",Phys.Rev. D52 (1995) 2517-2532,10.1103/PhysRevD.52.2517,11
quant-ph/9502009v1,Roentgen term makes dipole approximation more divergent,The Roentgen correction to the dipole interaction term leads to an additional divergency which can be eliminated for infinitely heavy atoms. For M < infinity a probability of emission in a given direction is represented by a divergent integral.,1995-02-08T15:15:58Z,1995-02-08T15:15:58Z,"['M. Czachor', 'K. Rzazewski']",quant-ph,['quant-ph'],https://arxiv.org/pdf/quant-ph/9502009v1,"REVTeX 3.0, 3 pages",,,11
quant-ph/9502008v1,Consistent use of paradoxes in deriving constraints on the dynamics of physical systems and of no-go-theorems,"The classical methods used by recursion theory and formal logic to block paradoxes do not work in quantum information theory. Since quantum information can exist as a coherent superposition of the classical ``yes'' and ``no'' states, certain tasks which are not conceivable in the classical setting can be performed in the quantum setting. Classical logical inconsistencies do not arise, since there exist fixed point states of the diagonalization operator. In particular, closed timelike curves need not be eliminated in the quantum setting, since they would not lead to any paradoxical outcome controllability. Quantum information theory can also be subjected to the treatment of inconsistent information in databases and expert systems. It is suggested that any two pieces of contradicting information are stored and processed as coherent superposition. In order to be tractable, this strategy requires quantum computation.",1995-02-08T16:16:01Z,1995-02-08T16:16:01Z,['Karl Svozil'],quant-ph,['quant-ph'],https://arxiv.org/pdf/quant-ph/9502008v1,"10 pages, latex, no figures",Annals N.Y.Acad.Sci. 755 (1995) 834-841,10.1111/j.1749-6632.1995.tb39024.x,-1
quant-ph/9502010v1,INTRINSIC MECHANISM FOR ENTROPY CHANGE IN CLASSICAL AND QUANTUM EVOLUTION,"It is shown that the existence of a time operator in the Liouville space representation of both classical and quantum evolution provides a mechanism for effective entropy change of physical states. In particular, an initially effectively pure state can evolve under the usual unitary evolution to an effectively mixed state.",1995-02-14T08:44:14Z,1995-02-14T08:44:14Z,"['Eli Eisenberg', 'Larry Horwitz']",quant-ph,['quant-ph'],https://arxiv.org/pdf/quant-ph/9502010v1,20 pages. For more information or comments contact E. Eisenberg at eisenber@alon.cc.biu.ac.il (internet).,"Phys. Rev. A 52, 70 (1995).",10.1103/PhysRevA.52.70,2
quant-ph/9502011v1,Is Mental Process Non-Computable?,"It has recently been claimed that certain aspects of mental processing cannot be simulated by computers, even in principle. The argument is examined and a lacuna is identified.",1995-02-14T23:01:06Z,1995-02-14T23:01:06Z,['Henry P. Stapp'],quant-ph,['quant-ph'],https://arxiv.org/pdf/quant-ph/9502011v1,"Latex, 9 pages, uses math macros.tex",,,1
quant-ph/9502012v1,Why Classical Mechanics Cannot Naturally Accommodate Consciousness But Quantum Mechanics Can.,"It is argued on the basis of certain mathematical characteristics that classical mechanics is not constitutionally suited to accomodate consciousness, whereas quantum mechanics is. These mathematical characteristics pertain to the nature of the information represented in the state of the brain, and the way this information enters into the dynamics.",1995-02-15T00:16:41Z,1995-02-15T00:16:41Z,['Henry P. Stapp'],quant-ph,['quant-ph'],https://arxiv.org/pdf/quant-ph/9502012v1,"Latex, 25 pages, uses math_macro.tex",,,1
quant-ph/9502013v1,Intrinsic and operational observables in quantum mechanics,"The concept of intrinsic and operational observables in quantum mechanics is introduced. In any realistic description of a quantum measurement that includes a macroscopic detecting device, it is possible to construct from the statistics of the recorded raw data a set of operational quantities that correspond to the intrinsic quantum mechanical observable.",1995-02-15T15:08:32Z,1995-02-15T15:08:32Z,"['B. G. Englert', 'K. Wodkiewicz']",quant-ph,['quant-ph'],https://arxiv.org/pdf/quant-ph/9502013v1,"12 pages, REVTEX, no figures.",,10.1103/PhysRevA.51.R2661,8
quant-ph/9502014v1,A FAMILY OF NONLINEAR SCHRÖDINGER EQUATIONS: LINEARIZING TRANSFORMATIONS AND RESULTING STRUCTURE,"We examine a recently-proposed family of nonlinear Schrödinger equations [J. Phys. A: Math. Gen. 27:1771(1994)] with respect to a group of transformations that linearize a subfamily of them. We investigate the structure of the whole family with respect to the linearizing transformations, and propose a new, invariant parameterization.",1995-02-16T10:52:17Z,1995-02-16T10:52:17Z,"['H. -D. Doebner', 'G. A. Goldin', 'P. Nattermann']",quant-ph,"['quant-ph', 'hep-th']",https://arxiv.org/pdf/quant-ph/9502014v1,"5 pages, LaTeX, Contribution to the proceedings of the XIII Workshop on Mathematical Methods in Physics, Bialowieza, July 9--15, 1994.","'Quantization, Coherent States, and Complex Structures', J.-P. Antoine et.al. (Eds.), p. 27-31, Plenum 1995 (ISBN 0-306-45214-6)",,0
quant-ph/9502015v1,Interpretation of the evolution parameter of the Feynman parametrization of the Dirac equation,The Feynman parametrization of the Dirac equation is considered in order to obtain an indefinite mass formulation of relativistic quantum mechanics. It is shown that the parameter that labels the evolution is related to the proper time. The Stueckelberg interpretation of antiparticles naturally arises from the formalism.,1995-02-16T18:51:00Z,1995-02-16T18:51:00Z,"['Juan P. Aparicio', 'Fabian H. Gaioli', 'Edgardo T. Garcia Alvarez']",quant-ph,['quant-ph'],https://arxiv.org/pdf/quant-ph/9502015v1,"6 pages, RevTex, no figures, submitted to Phys. Lett. A","Phys.Lett.A200:233-238,1995",10.1016/0375-9601(95)00193-7,13
quant-ph/9502016v1,"THE ""FREELY"" FALLING TWO-LEVEL ATOM IN A RUNNING LASER WAVE",The time evolution of a two-level atom which is simultaneously exposed to the field of a running laser wave and a homogeneous gravitational field is studied. The result of the coupled dynamics of internal transitions and center-of-mass motion is worked out exactly. Neglecting spontaneous emission and performing the rotating wave approximation we derive the complete time evolution operator in an algebraical way by using commutation relations. The result is discussed with respect to the physical implications. In particular the long time and short time behaviour is physically analyzed in detail. The breakdown of the Magnus perturbation expansion is shown.,1995-02-17T13:28:12Z,1995-02-17T13:28:12Z,"['Karl-Peter Marzlin', 'Juergen Audretsch']",quant-ph,"['quant-ph', 'gr-qc']",https://arxiv.org/pdf/quant-ph/9502016v1,"14 Pages, Latex","Phys.Rev.A53:1004,1996",10.1103/PhysRevA.53.1004,2
hep-th/9502112v1,VON NEUMANN AND SHANNON-WEHRL ENTROPY FOR SQUEEZED STATES AND COSMOLOGICAL PARTICLE PRODUCTION,"We show that the effective coarse graining of a two-mode squeezed density matrix, implicit in the Wehrl approaches to a semiclassical phase-space distribution, leads to results in agreement with previous different definitions of entropy for the process of pair production from the vacuum. We also present, in this context, a possible interpretation of the entropy growth as an amplification (due to the squeezing) of our lack of knowledge about the initial conditions, which gives rise to an effective decoherence of the squeezed density matrix.",1995-02-17T15:47:23Z,1995-02-17T15:47:23Z,"['M. Gasperini', 'M. Giovannini']",hep-th,"['hep-th', 'gr-qc', 'quant-ph']",https://arxiv.org/pdf/hep-th/9502112v1,"12 pages, plain tex, no figures, to appear in ""String gravity and physics at the Planck energy scale"" (World Scientific, Singapore, 1995)",,10.1142/9789814528689_0008,3
quant-ph/9502017v1,Nonlocal and local ghost fields in quantum correlations.,"Einstein Podolsky Rosen quantum correlations are discussed from the perspective of a ghost field introduced by Einstein. The concepts of ghost field, hidden variables, local reality and the Bell inequality are reviewed. In the framework of the correlated singlet state, it is shown that quantum mechanics can be cast in a way that has the form of either nonpositive and local ghost field or a positive and nonlocal ghost field.",1995-02-17T20:37:52Z,1995-02-17T20:37:52Z,['K. Wodkiewicz'],quant-ph,['quant-ph'],https://arxiv.org/pdf/quant-ph/9502017v1,"15 pages, REVTEX, 4 figures in encapsulated postscript can be obtained from the author.",,10.1080/00107519508222148,5
quant-ph/9502018v1,Scaling property of variational perturbation expansion for general anharmonic oscillator,We prove a powerful scaling property for the extremality condition in the recently developed variational perturbation theory which converts divergent perturbation expansions into exponentially fast convergent ones. The proof is given for the energy eigenvalues of an anharmonic oscillator with an arbitrary $x^p$-potential. The scaling property greatly increases the accuracy of the results.,1995-02-19T06:40:28Z,1995-02-19T06:40:28Z,"['W. Janke', 'H. Kleinert']",quant-ph,"['quant-ph', 'physics.chem-ph']",https://arxiv.org/pdf/quant-ph/9502018v1,,Phys. Lett. A199 (1995) 287,10.1016/0375-9601(95)00126-N,9
quant-ph/9502019v1,Variational perturbation expansion for strong-coupling coefficients of the anharmonic oscillator,As an application of a recently developed variational perturbation theory we find the first 22 terms of the convergent strong-coupling series expansion for the ground state energy of the quartic anharmonic oscillator.,1995-02-19T07:13:52Z,1995-02-19T07:13:52Z,"['W. Janke', 'H. Kleinert']",quant-ph,"['quant-ph', 'physics.chem-ph']",https://arxiv.org/pdf/quant-ph/9502019v1,,Phys. Rev. Lett. 75 (1995) 2787,10.1103/PhysRevLett.75.2787,9
quant-ph/9502020v1,Quantum Cryptography with Coherent States,"The safety of a quantum key distribution system relies on the fact that any eavesdropping attempt on the quantum channel creates errors in the transmission. For a given error rate, the amount of information that may have leaked to the eavesdropper depends on both the particular system and the eavesdropping strategy. In this work, we discuss quantum cryptographic protocols based on the transmission of weak coherent states and present a new system, based on a symbiosis of two existing ones, and for which the information available to the eavesdropper is significantly reduced. This system is therefore safer than the two previous ones. We also suggest a possible experimental implementation.",1995-02-21T11:44:48Z,1995-02-21T11:44:48Z,"['B. Huttner', 'N. Imoto', 'N. Gisin', 'T. Mor']",quant-ph,['quant-ph'],https://arxiv.org/pdf/quant-ph/9502020v1,"20 pp. Revtex, Figures available from the authors upon request, To be published in PRA (March 95)",,10.1103/PhysRevA.51.1863,6
dg-ga/9502008v1,A Groenewold-Van Hove Theorem for S^2,"We prove that there does not exist a nontrivial quantization of the Poisson algebra of the symplectic manifold S^2 which is irreducible on the subalgebra generated by the components {S_1,S_2,S_3} of the spin vector. We also show that there does not exist such a quantization of the Poisson subalgebra P consisting of polynomials in {S_1,S_2,S_3}. Furthermore, we show that the maximal Poisson subalgebra of P containing {1,S_1,S_2,S_3} that can be so quantized is just that generated by {1,S_1,S_2,S_3}.",1995-02-23T03:38:28Z,1995-02-23T03:38:28Z,"['Mark J. Gotay', 'Hendrik Grundling', 'C. A. Hurst']",math.DG,"['math.DG', 'hep-th', 'quant-ph']",https://arxiv.org/pdf/dg-ga/9502008v1,"20 pages, AMSLaTeX",Trans. A.M.S. 348 (1996) 1579-1597,,14
gr-qc/9502039v1,OPERATOR WEAK VALUES AND BLACK HOLE COMPLEMENTARITY,"In conventional field theories, the emission of Hawking radiation in the background of a collapsing star requires transplanckian energy fluctuations. These fluctuations are encoded in the weak values of the energy-momentum operator constructed from matrix elements between both -in and -out states. It is argued that taming of these weak values by back-reaction may lead to geometrical backgrounds which are also build from weak values of the gravitational field operators. This leads to different causal histories of the black hole as reconstructed by observers crossing the horizon at different times but reduces, in accordance with the equivalence principle, to the classical description of the collapse for the proper history of the star as recorded by an observer comoving with it. For observers never crossing the horizon, the evaporation would be interpreted within a topologically trivial ``achronon geometry"" void of horizon and singularity: after the initial ignition of the radiation from pair creation out of the vacuum of the collapsing star of mass M, as in the conventional theory, the source of the thermal radiation would shift gradually to the star itself in a time at least of order $4M\ln 2M$. The burning of the star could be consistent with a quantum unitary evolution along the lines suggested by 't Hooft. A provisional formal expression of general black hole complementarity is proposed and its possible relevance for testing features of a theory of quantum gravity is suggested.",1995-02-23T13:43:34Z,1995-02-23T13:43:34Z,['F. Englert'],gr-qc,"['gr-qc', 'hep-th', 'quant-ph']",https://arxiv.org/pdf/gr-qc/9502039v1,"presented at the Oskar Klein Centenary Symposium (September 1994); 29 pages, phyzzx, no figures",,,3
