cluster_id,top_5_terms
-1,"quantum, squeezing, classical, probabilities, effect"
0,"nonlinear, regions, applications, atoms, equations"
1,"mental, characteristics, perceptions, laws, mathematical"
2,"evolution, measurement, ts, state, time"
3,"phase, information, geometric, transport, classical"
4,"uncertainty, minimal, relation, riemannian, curvature"
5,"photons, epr, correlations, bell, single"
6,"quantum, bit, gates, classical, present"
7,"delay, measurement, including, loss, al"
8,"observables, measurements, state, quantum, measurement"
9,"perturbation, anharmonic, theory, oscillator, convergent"
10,"retrodiction, ingraham, symmetric, standard, assertion"
11,"direction, wkb, integral, algebra, representation"
12,"histories, interpretation, spacetime, consistent, interpretations"
13,"relativistic, shown, lattice, operator, infty"
14,"poisson, quantization, theories, s_3, s_2"
